field,location,structural_presence_rows,project_role,decision_time_status,initial_model_status,reason,audit_evidence
step,top_level,1090000,time/index field,no,exclude,"The released CSV contains only zero, so it cannot identify or order transactions.",Observed as a top-level CSV column.
type,top_level,1090000,transaction attribute,yes,include,The transaction type is treated as known when the payment request arrives.,Observed as a top-level CSV column.
amount,top_level,1090000,transaction attribute,yes,include,"The requested amount is known before an approve, review, or block decision.",Observed as a top-level CSV column.
category,top_level,1090000,transaction attribute,yes,include,The transaction category is treated as decision-time information.,Observed as a top-level CSV column.
nameOrig,top_level,1090000,account identifier,yes,derive_with_history,Use only for aggregates built from earlier transactions; do not use the raw identifier directly.,Observed as a top-level CSV column.
nameDest,top_level,1090000,account identifier,yes,derive_with_history,Use only for aggregates built from earlier transactions; do not use the raw identifier directly.,Observed as a top-level CSV column.
oldbalanceOrg,top_level,1090000,pre-transaction balance,yes,include,The dataset defines this as the origin balance before the transaction; retain that provenance in the documentation.,Observed as a top-level CSV column.
newbalanceOrig,top_level,1090000,post-transaction balance,no,exclude,"The dataset defines this as the origin balance after the transaction, so it is unavailable for a pre-authorization decision.",Observed as a top-level CSV column.
isFraud,top_level,1090000,outcome label,no,target,This is the selected project target and must never be used as a predictor.,Observed as a top-level CSV column.
isMoneyLaundering,top_level,1090000,duplicate outcome label,no,exclude,Validation found it identical to isFraud in every row.,Observed as a top-level CSV column.
laundering_typology,top_level,1090000,outcome description,no,exclude,The typology describes the labelled event and may reveal the target.,Observed as a top-level CSV column.
metadata,top_level,1090000,nested-data container,not_applicable,exclude,The raw text is not a model feature; separately audited nested fields may be used.,Observed as a top-level CSV column.
fraud_probability,top_level,1090000,supplied risk score,uncertain,exclude,"Its construction and decision-time availability are not established, and it is closely related to the target.",Observed as a top-level CSV column.
hour,top_level,1090000,calendar attribute,yes,include,Include only if it agrees with the safely extracted timestamp.,Timestamp comparison found 0 mismatched rows.
day_of_week,top_level,1090000,calendar attribute,yes,include,Include only if it agrees with the safely extracted timestamp.,Timestamp comparison found 0 mismatched rows.
day_of_month,top_level,1090000,calendar attribute,yes,include,Include only if it agrees with the safely extracted timestamp.,Timestamp comparison found 0 mismatched rows.
month,top_level,1090000,calendar attribute,yes,include,Include only if it agrees with the safely extracted timestamp.,Timestamp comparison found 0 mismatched rows.
metadata.device_info,metadata,1090000,nested-data container,not_applicable,exclude,The container itself is not a model feature; assess its child fields separately.,"Detected structurally in 1,090,000 rows."
metadata.device_info.ip_address,metadata,1090000,device identifier,yes,derive_with_history,Do not use the raw high-cardinality identifier; later derive leakage-safe historical behaviour.,"Detected structurally in 1,090,000 rows."
metadata.device_info.os,metadata,1090000,device attribute,uncertain,needs_review,Confirm decision-time availability before including this field.,"Detected structurally in 1,090,000 rows."
metadata.device_info.type,metadata,1090000,device attribute,uncertain,needs_review,Confirm decision-time availability before including this field.,"Detected structurally in 1,090,000 rows."
metadata.integration_info,metadata,58,target-revealing annotation,no,exclude,The integration_info metadata group occurs only in fraud-labelled rows and directly reveals the supplied target.,This field was structurally present in 58 fraud rows and 0 non-fraud rows; the integration_info marker covered 58 fraud rows and 0 non-fraud rows.
metadata.integration_info.average_amount,metadata,58,target-revealing annotation,no,exclude,The integration_info metadata group occurs only in fraud-labelled rows and directly reveals the supplied target.,This field was structurally present in 58 fraud rows and 0 non-fraud rows; the integration_info marker covered 58 fraud rows and 0 non-fraud rows.
metadata.integration_info.detection_risk,metadata,58,target-revealing annotation,no,exclude,The integration_info metadata group occurs only in fraud-labelled rows and directly reveals the supplied target.,This field was structurally present in 58 fraud rows and 0 non-fraud rows; the integration_info marker covered 58 fraud rows and 0 non-fraud rows.
metadata.integration_info.legitimacy_score,metadata,58,target-revealing annotation,no,exclude,The integration_info metadata group occurs only in fraud-labelled rows and directly reveals the supplied target.,This field was structurally present in 58 fraud rows and 0 non-fraud rows; the integration_info marker covered 58 fraud rows and 0 non-fraud rows.
metadata.integration_info.location,metadata,16,target-revealing annotation,no,exclude,The integration_info metadata group occurs only in fraud-labelled rows and directly reveals the supplied target.,This field was structurally present in 16 fraud rows and 0 non-fraud rows; the integration_info marker covered 58 fraud rows and 0 non-fraud rows.
metadata.integration_info.num_sources,metadata,58,target-revealing annotation,no,exclude,The integration_info metadata group occurs only in fraud-labelled rows and directly reveals the supplied target.,This field was structurally present in 58 fraud rows and 0 non-fraud rows; the integration_info marker covered 58 fraud rows and 0 non-fraud rows.
metadata.integration_info.platform,metadata,2,target-revealing annotation,no,exclude,The integration_info metadata group occurs only in fraud-labelled rows and directly reveals the supplied target.,This field was structurally present in 2 fraud rows and 0 non-fraud rows; the integration_info marker covered 58 fraud rows and 0 non-fraud rows.
metadata.integration_info.sector,metadata,40,target-revealing annotation,no,exclude,The integration_info metadata group occurs only in fraud-labelled rows and directly reveals the supplied target.,This field was structurally present in 40 fraud rows and 0 non-fraud rows; the integration_info marker covered 58 fraud rows and 0 non-fraud rows.
metadata.integration_info.total_amount,metadata,58,target-revealing annotation,no,exclude,The integration_info metadata group occurs only in fraud-labelled rows and directly reveals the supplied target.,This field was structurally present in 58 fraud rows and 0 non-fraud rows; the integration_info marker covered 58 fraud rows and 0 non-fraud rows.
metadata.integration_info.type,metadata,58,target-revealing annotation,no,exclude,The integration_info metadata group occurs only in fraud-labelled rows and directly reveals the supplied target.,This field was structurally present in 58 fraud rows and 0 non-fraud rows; the integration_info marker covered 58 fraud rows and 0 non-fraud rows.
metadata.layering,metadata,1005,target-revealing annotation,no,exclude,The layering metadata group occurs only in fraud-labelled rows and directly reveals the supplied target.,"This field was structurally present in 1,005 fraud rows and 0 non-fraud rows; the layering marker covered 1,005 fraud rows and 0 non-fraud rows."
metadata.layering.layer,metadata,1005,target-revealing annotation,no,exclude,The layering metadata group occurs only in fraud-labelled rows and directly reveals the supplied target.,"This field was structurally present in 1,005 fraud rows and 0 non-fraud rows; the layering marker covered 1,005 fraud rows and 0 non-fraud rows."
metadata.layering.num_accounts,metadata,1005,target-revealing annotation,no,exclude,The layering metadata group occurs only in fraud-labelled rows and directly reveals the supplied target.,"This field was structurally present in 1,005 fraud rows and 0 non-fraud rows; the layering marker covered 1,005 fraud rows and 0 non-fraud rows."
metadata.layering.splits,metadata,1005,target-revealing annotation,no,exclude,The layering metadata group occurs only in fraud-labelled rows and directly reveals the supplied target.,"This field was structurally present in 1,005 fraud rows and 0 non-fraud rows; the layering marker covered 1,005 fraud rows and 0 non-fraud rows."
metadata.layering.time_delay,metadata,1005,target-revealing annotation,no,exclude,The layering metadata group occurs only in fraud-labelled rows and directly reveals the supplied target.,"This field was structurally present in 1,005 fraud rows and 0 non-fraud rows; the layering marker covered 1,005 fraud rows and 0 non-fraud rows."
metadata.layering_sophistication,metadata,1005,target-revealing annotation,no,exclude,The layering metadata group occurs only in fraud-labelled rows and directly reveals the supplied target.,"This field was structurally present in 1,005 fraud rows and 0 non-fraud rows; the layering marker covered 1,005 fraud rows and 0 non-fraud rows."
metadata.location,metadata,1090000,nested-data container,not_applicable,exclude,The container itself is not a model feature; assess its child fields separately.,"Detected structurally in 1,090,000 rows."
metadata.location.city,metadata,1090000,location attribute,uncertain,needs_review,Confirm that the field is captured before authorization and choose an appropriate encoding.,"Detected structurally in 1,090,000 rows."
metadata.location.country,metadata,1090000,location attribute,uncertain,needs_review,Confirm that the field is captured before authorization and choose an appropriate encoding.,"Detected structurally in 1,090,000 rows."
metadata.location.postcode,metadata,1090000,location attribute,uncertain,needs_review,Confirm that the field is captured before authorization and choose an appropriate encoding.,"Detected structurally in 1,090,000 rows."
metadata.location.state,metadata,1090000,location attribute,uncertain,needs_review,Confirm that the field is captured before authorization and choose an appropriate encoding.,"Detected structurally in 1,090,000 rows."
metadata.merchant_info,metadata,1090000,nested-data container,not_applicable,exclude,The container itself is not a model feature; assess its child fields separately.,"Detected structurally in 1,090,000 rows."
metadata.merchant_info.avg_transaction,metadata,293790,merchant attribute,uncertain,needs_review,"Its meaning, missingness, cardinality, and decision-time availability must be established.","Detected structurally in 293,790 rows."
metadata.merchant_info.category,metadata,293790,merchant attribute,uncertain,needs_review,"Its meaning, missingness, cardinality, and decision-time availability must be established.","Detected structurally in 293,790 rows."
metadata.merchant_info.merchant_id,metadata,293790,merchant attribute,uncertain,needs_review,"Its meaning, missingness, cardinality, and decision-time availability must be established.","Detected structurally in 293,790 rows."
metadata.merchant_info.risk_level,metadata,293790,merchant attribute,uncertain,needs_review,"Its meaning, missingness, cardinality, and decision-time availability must be established.","Detected structurally in 293,790 rows."
metadata.network_metrics,metadata,1090000,network-derived attribute,uncertain,exclude,Use only after proving that it can be calculated from information available before each decision.,"Detected structurally in 1,090,000 rows."
metadata.network_metrics.sender_clustering,metadata,1090000,network-derived attribute,uncertain,exclude,Use only after proving that it can be calculated from information available before each decision.,"Detected structurally in 1,090,000 rows."
metadata.network_metrics.sender_degree,metadata,1090000,network-derived attribute,uncertain,exclude,Use only after proving that it can be calculated from information available before each decision.,"Detected structurally in 1,090,000 rows."
metadata.payment_method,metadata,1090000,payment attribute,yes,include,The selected payment method is treated as known when the transaction arrives.,"Detected structurally in 1,090,000 rows."
metadata.risk_indicators,metadata,1090000,supplied risk indicator,uncertain,exclude,Its construction may incorporate target-related or future information.,"Detected structurally in 1,090,000 rows."
metadata.risk_indicators.amount_vs_average,metadata,1090000,supplied risk indicator,uncertain,exclude,Its construction may incorporate target-related or future information.,"Detected structurally in 1,090,000 rows."
metadata.risk_indicators.category_risk,metadata,1090000,supplied risk indicator,uncertain,exclude,Its construction may incorporate target-related or future information.,"Detected structurally in 1,090,000 rows."
metadata.risk_indicators.customer_risk_score,metadata,1090000,supplied risk indicator,uncertain,exclude,Its construction may incorporate target-related or future information.,"Detected structurally in 1,090,000 rows."
metadata.risk_indicators.risk_score,metadata,1090000,supplied risk indicator,uncertain,exclude,Its construction may incorporate target-related or future information.,"Detected structurally in 1,090,000 rows."
metadata.risk_indicators.unusual_location,metadata,1090000,supplied risk indicator,uncertain,exclude,Its construction may incorporate target-related or future information.,"Detected structurally in 1,090,000 rows."
metadata.risk_indicators.unusual_time,metadata,1090000,supplied risk indicator,uncertain,exclude,Its construction may incorporate target-related or future information.,"Detected structurally in 1,090,000 rows."
metadata.sophistication,metadata,58,target-revealing annotation,no,exclude,The integration_info metadata group occurs only in fraud-labelled rows and directly reveals the supplied target.,This field was structurally present in 58 fraud rows and 0 non-fraud rows; the integration_info marker covered 58 fraud rows and 0 non-fraud rows.
metadata.structuring,metadata,348,target-revealing annotation,no,exclude,The structuring metadata group occurs only in fraud-labelled rows and directly reveals the supplied target.,This field was structurally present in 348 fraud rows and 0 non-fraud rows; the structuring marker covered 348 fraud rows and 0 non-fraud rows.
metadata.structuring.pattern_size,metadata,348,target-revealing annotation,no,exclude,The structuring metadata group occurs only in fraud-labelled rows and directly reveals the supplied target.,This field was structurally present in 348 fraud rows and 0 non-fraud rows; the structuring marker covered 348 fraud rows and 0 non-fraud rows.
metadata.structuring.sophistication,metadata,348,target-revealing annotation,no,exclude,The structuring metadata group occurs only in fraud-labelled rows and directly reveals the supplied target.,This field was structurally present in 348 fraud rows and 0 non-fraud rows; the structuring marker covered 348 fraud rows and 0 non-fraud rows.
metadata.structuring.threshold_proximity,metadata,348,target-revealing annotation,no,exclude,The structuring metadata group occurs only in fraud-labelled rows and directly reveals the supplied target.,This field was structurally present in 348 fraud rows and 0 non-fraud rows; the structuring marker covered 348 fraud rows and 0 non-fraud rows.
metadata.timestamp,metadata,1090000,transaction timestamp,yes,split_only,"Use for chronological ordering and time-derived features, not as an unrestricted raw predictor.","Parsed 1,090,000 of 1,090,000 rows; range 2025-10-13 17:08:30.636449 to 2026-04-27 13:38:24.636449; chronological decreases: 4,527."
