field,data_kind,structural_presence_rows,non_null_rows,coverage_pct,unique_values,cardinality,most_common_value,most_common_rows,most_common_share_pct,fraud_rows_among_non_null,fraud_rate_pct,minimum_group_fraud_rate_pct,maximum_group_fraud_rate_pct,group_rate_minimum_rows,small_perfect_fraud_group_count,small_perfect_fraud_rows,numeric_minimum,numeric_median,numeric_mean,numeric_maximum,nonfraud_numeric_mean,fraud_numeric_mean,provisional_recommendation,reason
metadata.device_info.os,categorical,1090000,1090000,100.0,4,low,MacOS,272975,25.043577981651374,1411,0.12944954128440367,0.12790582612870477,0.1337202894823849,100,0,0,,,,,,,include_with_decision_time_assumption,Device context is plausible at authorization time; document this assumption.
metadata.device_info.type,categorical,1090000,1090000,100.0,3,low,Mobile,654391,60.03587155963303,1411,0.12944954128440367,0.12604771412010415,0.13000122354092744,100,0,0,,,,,,,include_with_decision_time_assumption,Device context is plausible at authorization time; document this assumption.
metadata.location.city,categorical,1090000,1090000,100.0,6,low,Sydney,270315,24.79954128440367,1411,0.12944954128440367,0.0866646998082313,0.16292337861615847,100,0,0,,,,,,,include_with_decision_time_assumption,Fit categorical encoding on training data only.
metadata.location.country,categorical,1090000,1090000,100.0,1,constant,Australia,1090000,100.0,1411,0.12944954128440367,0.12944954128440367,0.12944954128440367,100,0,0,,,,,,,exclude_constant,A constant field cannot distinguish risk.
metadata.location.postcode,categorical,1090000,1090000,100.0,5000,high,2022,514,0.04715596330275229,1411,0.12944954128440367,0.0,2.083333333333333,100,0,0,,,,,,,encode_or_aggregate_with_care,High-cardinality location can encourage memorization.
metadata.location.state,categorical,1090000,1090000,100.0,5,low,NSW,439106,40.28495412844037,1411,0.12944954128440367,0.0866646998082313,0.14961445505811946,100,0,0,,,,,,,include_with_decision_time_assumption,Fit categorical encoding on training data only.
metadata.merchant_info.avg_transaction,numeric,293790,293790,26.95321100917431,6,low,2000,217344,73.979373021546,58,0.019741992579733823,,,100,3,58,200.0,2000.0,1588.3590319616053,100000.0,1576.2463742459113,62931.03448275862,exclude_until_construction_verified,The averaging window and temporal cutoff are undocumented.
metadata.merchant_info.category,categorical,293790,293790,26.95321100917431,6,low,Housing,217344,73.979373021546,58,0.019741992579733823,0.0,0.0,100,3,58,,,,,,,exclude_duplicate,It duplicates the top-level category.
metadata.merchant_info.merchant_id,categorical,293790,293790,26.95321100917431,1000,high,M566,360,0.12253650566731339,58,0.019741992579733823,0.0,0.7434944237918215,100,0,0,,,,,,,derive_with_history,"Use only for aggregates from earlier transactions, not as a raw feature."
metadata.merchant_info.risk_level,categorical,293790,293790,26.95321100917431,3,low,low,293732,99.98025800742026,58,0.019741992579733823,0.0,0.0,100,2,58,,,,,,,exclude_precomputed_risk,A supplied risk class may encode generator or target information.
