field,location,structural_presence_rows,project_role,audit_decision_time_status,audit_model_status,resolved_decision_time_status,resolved_model_status,resolved_reason,supporting_evidence,required_model_check
step,top_level,1090000,time/index field,no,exclude,no,exclude,"The released CSV contains only zero, so it cannot identify or order transactions.",Observed as a top-level CSV column.,None for the initial model.
type,top_level,1090000,transaction attribute,yes,include,yes,include_with_ablation,"Retain transaction type as decision-time information, but measure how much performance depends on synthetic group structure.","PAYMENT: 58/58 fraud-labelled (100.000000%); TRANSFER: 1,353/273,383 fraud-labelled (0.494910%).",Compare identical chronological baselines with and without type.
amount,top_level,1090000,transaction attribute,yes,include,yes,include,"The requested amount is known before an approve, review, or block decision.",Observed as a top-level CSV column.,Fit transformations on training data only.
category,top_level,1090000,transaction attribute,yes,include,yes,include_with_ablation,"Retain the top-level category as decision-time information, while testing sensitivity to rare deterministic categories.","Property Investment: 16/16 fraud-labelled (100.000000%); Cryptocurrency: 2/2 fraud-labelled (100.000000%); Shell Company: 117/1,173 fraud-labelled (9.974425%); Other: 1,182/239,731 fraud-labelled (0.493053%); Recreation: 94/141,965 fraud-labelled (0.066214%).",Fit encoding on training data only and compare the same model with category removed.
nameOrig,top_level,1090000,account identifier,yes,derive_with_history,yes,derive_with_history,Use only for aggregates built from earlier transactions; do not use the raw identifier directly.,Observed as a top-level CSV column.,Use information strictly earlier than each decision.
nameDest,top_level,1090000,account identifier,yes,derive_with_history,yes,derive_with_history,Use only for aggregates built from earlier transactions; do not use the raw identifier directly.,Observed as a top-level CSV column.,Use information strictly earlier than each decision.
oldbalanceOrg,top_level,1090000,pre-transaction balance,yes,include,yes,include,The dataset defines this as the origin balance before the transaction; retain that provenance in the documentation.,Observed as a top-level CSV column.,Fit transformations on training data only.
newbalanceOrig,top_level,1090000,post-transaction balance,no,exclude,no,exclude,"The dataset defines this as the origin balance after the transaction, so it is unavailable for a pre-authorization decision.",Observed as a top-level CSV column.,None for the initial model.
isFraud,top_level,1090000,outcome label,no,target,no,target,This is the selected project target and must never be used as a predictor.,Observed as a top-level CSV column.,None for the initial model.
isMoneyLaundering,top_level,1090000,duplicate outcome label,no,exclude,no,exclude,Validation found it identical to isFraud in every row.,Observed as a top-level CSV column.,None for the initial model.
laundering_typology,top_level,1090000,outcome description,no,exclude,no,exclude,The typology describes the labelled event and may reveal the target.,Observed as a top-level CSV column.,None for the initial model.
metadata,top_level,1090000,nested-data container,not_applicable,exclude,not_applicable,exclude,The raw text is not a model feature; separately audited nested fields may be used.,Observed as a top-level CSV column.,None for the initial model.
fraud_probability,top_level,1090000,supplied risk score,uncertain,exclude,uncertain,exclude,"Its construction and decision-time availability are not established, and it is closely related to the target.",Observed as a top-level CSV column.,None for the initial model.
hour,top_level,1090000,calendar attribute,yes,include,yes,include,Include only if it agrees with the safely extracted timestamp.,Timestamp comparison found 0 mismatched rows.,Fit transformations on training data only.
day_of_week,top_level,1090000,calendar attribute,yes,include,yes,include,Include only if it agrees with the safely extracted timestamp.,Timestamp comparison found 0 mismatched rows.,Fit transformations on training data only.
day_of_month,top_level,1090000,calendar attribute,yes,include,yes,include,Include only if it agrees with the safely extracted timestamp.,Timestamp comparison found 0 mismatched rows.,Fit transformations on training data only.
month,top_level,1090000,calendar attribute,yes,include,yes,include,Include only if it agrees with the safely extracted timestamp.,Timestamp comparison found 0 mismatched rows.,Fit transformations on training data only.
metadata.device_info,metadata,1090000,nested-data container,not_applicable,exclude,not_applicable,exclude,The container itself is not a model feature; assess its child fields separately.,"Detected structurally in 1,090,000 rows.",None for the initial model.
metadata.device_info.ip_address,metadata,1090000,device identifier,yes,derive_with_history,yes,derive_with_history,Do not use the raw high-cardinality identifier; later derive leakage-safe historical behaviour.,"Detected structurally in 1,090,000 rows.",Use information strictly earlier than each decision.
metadata.device_info.os,metadata,1090000,device attribute,uncertain,needs_review,assumed_yes,include_with_assumption,"Treat device operating system as available before authorization, but document this dataset assumption.",coverage=100.000000%; unique_values=4; fraud_rate=0.129450%; small_perfect_fraud_groups=0; small_perfect_fraud_rows=0; profile_recommendation=include_with_decision_time_assumption.,Fit categorical encoding on training data only.
metadata.device_info.type,metadata,1090000,device attribute,uncertain,needs_review,assumed_yes,include_with_assumption,"Treat device type as available before authorization, but document this dataset assumption.",coverage=100.000000%; unique_values=3; fraud_rate=0.129450%; small_perfect_fraud_groups=0; small_perfect_fraud_rows=0; profile_recommendation=include_with_decision_time_assumption.,Fit categorical encoding on training data only.
metadata.integration_info,metadata,58,target-revealing annotation,no,exclude,no,exclude,The integration_info metadata group occurs only in fraud-labelled rows and directly reveals the supplied target.,This field was structurally present in 58 fraud rows and 0 non-fraud rows; the integration_info marker covered 58 fraud rows and 0 non-fraud rows.,None for the initial model.
metadata.integration_info.average_amount,metadata,58,target-revealing annotation,no,exclude,no,exclude,The integration_info metadata group occurs only in fraud-labelled rows and directly reveals the supplied target.,This field was structurally present in 58 fraud rows and 0 non-fraud rows; the integration_info marker covered 58 fraud rows and 0 non-fraud rows.,None for the initial model.
metadata.integration_info.detection_risk,metadata,58,target-revealing annotation,no,exclude,no,exclude,The integration_info metadata group occurs only in fraud-labelled rows and directly reveals the supplied target.,This field was structurally present in 58 fraud rows and 0 non-fraud rows; the integration_info marker covered 58 fraud rows and 0 non-fraud rows.,None for the initial model.
metadata.integration_info.legitimacy_score,metadata,58,target-revealing annotation,no,exclude,no,exclude,The integration_info metadata group occurs only in fraud-labelled rows and directly reveals the supplied target.,This field was structurally present in 58 fraud rows and 0 non-fraud rows; the integration_info marker covered 58 fraud rows and 0 non-fraud rows.,None for the initial model.
metadata.integration_info.location,metadata,16,target-revealing annotation,no,exclude,no,exclude,The integration_info metadata group occurs only in fraud-labelled rows and directly reveals the supplied target.,This field was structurally present in 16 fraud rows and 0 non-fraud rows; the integration_info marker covered 58 fraud rows and 0 non-fraud rows.,None for the initial model.
metadata.integration_info.num_sources,metadata,58,target-revealing annotation,no,exclude,no,exclude,The integration_info metadata group occurs only in fraud-labelled rows and directly reveals the supplied target.,This field was structurally present in 58 fraud rows and 0 non-fraud rows; the integration_info marker covered 58 fraud rows and 0 non-fraud rows.,None for the initial model.
metadata.integration_info.platform,metadata,2,target-revealing annotation,no,exclude,no,exclude,The integration_info metadata group occurs only in fraud-labelled rows and directly reveals the supplied target.,This field was structurally present in 2 fraud rows and 0 non-fraud rows; the integration_info marker covered 58 fraud rows and 0 non-fraud rows.,None for the initial model.
metadata.integration_info.sector,metadata,40,target-revealing annotation,no,exclude,no,exclude,The integration_info metadata group occurs only in fraud-labelled rows and directly reveals the supplied target.,This field was structurally present in 40 fraud rows and 0 non-fraud rows; the integration_info marker covered 58 fraud rows and 0 non-fraud rows.,None for the initial model.
metadata.integration_info.total_amount,metadata,58,target-revealing annotation,no,exclude,no,exclude,The integration_info metadata group occurs only in fraud-labelled rows and directly reveals the supplied target.,This field was structurally present in 58 fraud rows and 0 non-fraud rows; the integration_info marker covered 58 fraud rows and 0 non-fraud rows.,None for the initial model.
metadata.integration_info.type,metadata,58,target-revealing annotation,no,exclude,no,exclude,The integration_info metadata group occurs only in fraud-labelled rows and directly reveals the supplied target.,This field was structurally present in 58 fraud rows and 0 non-fraud rows; the integration_info marker covered 58 fraud rows and 0 non-fraud rows.,None for the initial model.
metadata.layering,metadata,1005,target-revealing annotation,no,exclude,no,exclude,The layering metadata group occurs only in fraud-labelled rows and directly reveals the supplied target.,"This field was structurally present in 1,005 fraud rows and 0 non-fraud rows; the layering marker covered 1,005 fraud rows and 0 non-fraud rows.",None for the initial model.
metadata.layering.layer,metadata,1005,target-revealing annotation,no,exclude,no,exclude,The layering metadata group occurs only in fraud-labelled rows and directly reveals the supplied target.,"This field was structurally present in 1,005 fraud rows and 0 non-fraud rows; the layering marker covered 1,005 fraud rows and 0 non-fraud rows.",None for the initial model.
metadata.layering.num_accounts,metadata,1005,target-revealing annotation,no,exclude,no,exclude,The layering metadata group occurs only in fraud-labelled rows and directly reveals the supplied target.,"This field was structurally present in 1,005 fraud rows and 0 non-fraud rows; the layering marker covered 1,005 fraud rows and 0 non-fraud rows.",None for the initial model.
metadata.layering.splits,metadata,1005,target-revealing annotation,no,exclude,no,exclude,The layering metadata group occurs only in fraud-labelled rows and directly reveals the supplied target.,"This field was structurally present in 1,005 fraud rows and 0 non-fraud rows; the layering marker covered 1,005 fraud rows and 0 non-fraud rows.",None for the initial model.
metadata.layering.time_delay,metadata,1005,target-revealing annotation,no,exclude,no,exclude,The layering metadata group occurs only in fraud-labelled rows and directly reveals the supplied target.,"This field was structurally present in 1,005 fraud rows and 0 non-fraud rows; the layering marker covered 1,005 fraud rows and 0 non-fraud rows.",None for the initial model.
metadata.layering_sophistication,metadata,1005,target-revealing annotation,no,exclude,no,exclude,The layering metadata group occurs only in fraud-labelled rows and directly reveals the supplied target.,"This field was structurally present in 1,005 fraud rows and 0 non-fraud rows; the layering marker covered 1,005 fraud rows and 0 non-fraud rows.",None for the initial model.
metadata.location,metadata,1090000,nested-data container,not_applicable,exclude,not_applicable,exclude,The container itself is not a model feature; assess its child fields separately.,"Detected structurally in 1,090,000 rows.",None for the initial model.
metadata.location.city,metadata,1090000,location attribute,uncertain,needs_review,assumed_yes,include_with_assumption,"Treat city as captured before authorization, subject to a documented availability assumption.",coverage=100.000000%; unique_values=6; fraud_rate=0.129450%; small_perfect_fraud_groups=0; small_perfect_fraud_rows=0; profile_recommendation=include_with_decision_time_assumption.,Fit categorical encoding on training data only and monitor temporal stability.
metadata.location.country,metadata,1090000,location attribute,uncertain,needs_review,assumed_yes,exclude,Exclude country because it is constant in the released dataset and cannot distinguish risk.,coverage=100.000000%; unique_values=1; fraud_rate=0.129450%; small_perfect_fraud_groups=0; small_perfect_fraud_rows=0; profile_recommendation=exclude_constant.,None for the initial model.
metadata.location.postcode,metadata,1090000,location attribute,uncertain,needs_review,assumed_yes,exclude_initial,Exclude raw postcode from the initial baseline because its high cardinality can encourage memorization.,"coverage=100.000000%; unique_values=5,000; fraud_rate=0.129450%; small_perfect_fraud_groups=0; small_perfect_fraud_rows=0; profile_recommendation=encode_or_aggregate_with_care.",Later compare a training-only frequency encoding or historical aggregation.
metadata.location.state,metadata,1090000,location attribute,uncertain,needs_review,assumed_yes,include_with_assumption,"Treat state as captured before authorization, subject to a documented availability assumption.",coverage=100.000000%; unique_values=5; fraud_rate=0.129450%; small_perfect_fraud_groups=0; small_perfect_fraud_rows=0; profile_recommendation=include_with_decision_time_assumption.,Fit categorical encoding on training data only and monitor temporal stability.
metadata.merchant_info,metadata,1090000,nested-data container,not_applicable,exclude,not_applicable,exclude,The container itself is not a model feature; assess its child fields separately.,"Detected structurally in 1,090,000 rows.",None for the initial model.
metadata.merchant_info.avg_transaction,metadata,293790,merchant attribute,uncertain,needs_review,uncertain,exclude,Exclude the supplied merchant average because its averaging window is undocumented and rare values perfectly separate 58 fraud-labelled rows.,coverage=26.953211%; unique_values=6; fraud_rate=0.019742%; small_perfect_fraud_groups=3; small_perfect_fraud_rows=58; profile_recommendation=exclude_until_construction_verified.,Reconsider only if a past-only construction can be reproduced.
metadata.merchant_info.category,metadata,293790,merchant attribute,uncertain,needs_review,uncertain,exclude,Exclude the merchant category because it duplicates the top-level category and rare values perfectly separate 58 fraud-labelled rows.,coverage=26.953211%; unique_values=6; fraud_rate=0.019742%; small_perfect_fraud_groups=3; small_perfect_fraud_rows=58; profile_recommendation=exclude_duplicate.,"Use the top-level category only, with an ablation comparison."
metadata.merchant_info.merchant_id,metadata,293790,merchant attribute,uncertain,needs_review,uncertain,derive_with_history,Do not use the raw merchant identifier; it can encourage memorization.,"coverage=26.953211%; unique_values=1,000; fraud_rate=0.019742%; small_perfect_fraud_groups=0; small_perfect_fraud_rows=0; profile_recommendation=derive_with_history.",Use only aggregates calculated from transactions earlier than each decision.
metadata.merchant_info.risk_level,metadata,293790,merchant attribute,uncertain,needs_review,uncertain,exclude,Exclude the supplied risk class because it is precomputed and rare values perfectly separate 58 fraud-labelled rows.,coverage=26.953211%; unique_values=3; fraud_rate=0.019742%; small_perfect_fraud_groups=2; small_perfect_fraud_rows=58; profile_recommendation=exclude_precomputed_risk.,None for the initial model.
metadata.network_metrics,metadata,1090000,network-derived attribute,uncertain,exclude,uncertain,exclude,Use only after proving that it can be calculated from information available before each decision.,"Detected structurally in 1,090,000 rows.",None for the initial model.
metadata.network_metrics.sender_clustering,metadata,1090000,network-derived attribute,uncertain,exclude,uncertain,exclude,Use only after proving that it can be calculated from information available before each decision.,"Detected structurally in 1,090,000 rows.",None for the initial model.
metadata.network_metrics.sender_degree,metadata,1090000,network-derived attribute,uncertain,exclude,uncertain,exclude,Use only after proving that it can be calculated from information available before each decision.,"Detected structurally in 1,090,000 rows.",None for the initial model.
metadata.payment_method,metadata,1090000,payment attribute,yes,include,yes,include,The selected payment method is treated as known when the transaction arrives.,"Detected structurally in 1,090,000 rows.",Fit transformations on training data only.
metadata.risk_indicators,metadata,1090000,supplied risk indicator,uncertain,exclude,uncertain,exclude,Its construction may incorporate target-related or future information.,"Detected structurally in 1,090,000 rows.",None for the initial model.
metadata.risk_indicators.amount_vs_average,metadata,1090000,supplied risk indicator,uncertain,exclude,uncertain,exclude,Its construction may incorporate target-related or future information.,"Detected structurally in 1,090,000 rows.",None for the initial model.
metadata.risk_indicators.category_risk,metadata,1090000,supplied risk indicator,uncertain,exclude,uncertain,exclude,Its construction may incorporate target-related or future information.,"Detected structurally in 1,090,000 rows.",None for the initial model.
metadata.risk_indicators.customer_risk_score,metadata,1090000,supplied risk indicator,uncertain,exclude,uncertain,exclude,Its construction may incorporate target-related or future information.,"Detected structurally in 1,090,000 rows.",None for the initial model.
metadata.risk_indicators.risk_score,metadata,1090000,supplied risk indicator,uncertain,exclude,uncertain,exclude,Its construction may incorporate target-related or future information.,"Detected structurally in 1,090,000 rows.",None for the initial model.
metadata.risk_indicators.unusual_location,metadata,1090000,supplied risk indicator,uncertain,exclude,uncertain,exclude,Its construction may incorporate target-related or future information.,"Detected structurally in 1,090,000 rows.",None for the initial model.
metadata.risk_indicators.unusual_time,metadata,1090000,supplied risk indicator,uncertain,exclude,uncertain,exclude,Its construction may incorporate target-related or future information.,"Detected structurally in 1,090,000 rows.",None for the initial model.
metadata.sophistication,metadata,58,target-revealing annotation,no,exclude,no,exclude,The integration_info metadata group occurs only in fraud-labelled rows and directly reveals the supplied target.,This field was structurally present in 58 fraud rows and 0 non-fraud rows; the integration_info marker covered 58 fraud rows and 0 non-fraud rows.,None for the initial model.
metadata.structuring,metadata,348,target-revealing annotation,no,exclude,no,exclude,The structuring metadata group occurs only in fraud-labelled rows and directly reveals the supplied target.,This field was structurally present in 348 fraud rows and 0 non-fraud rows; the structuring marker covered 348 fraud rows and 0 non-fraud rows.,None for the initial model.
metadata.structuring.pattern_size,metadata,348,target-revealing annotation,no,exclude,no,exclude,The structuring metadata group occurs only in fraud-labelled rows and directly reveals the supplied target.,This field was structurally present in 348 fraud rows and 0 non-fraud rows; the structuring marker covered 348 fraud rows and 0 non-fraud rows.,None for the initial model.
metadata.structuring.sophistication,metadata,348,target-revealing annotation,no,exclude,no,exclude,The structuring metadata group occurs only in fraud-labelled rows and directly reveals the supplied target.,This field was structurally present in 348 fraud rows and 0 non-fraud rows; the structuring marker covered 348 fraud rows and 0 non-fraud rows.,None for the initial model.
metadata.structuring.threshold_proximity,metadata,348,target-revealing annotation,no,exclude,no,exclude,The structuring metadata group occurs only in fraud-labelled rows and directly reveals the supplied target.,This field was structurally present in 348 fraud rows and 0 non-fraud rows; the structuring marker covered 348 fraud rows and 0 non-fraud rows.,None for the initial model.
metadata.timestamp,metadata,1090000,transaction timestamp,yes,split_only,yes,split_only,"Use for chronological ordering and time-derived features, not as an unrestricted raw predictor.","Parsed 1,090,000 of 1,090,000 rows; range 2025-10-13 17:08:30.636449 to 2026-04-27 13:38:24.636449; chronological decreases: 4,527.",Use for chronological ordering and time-derived features only.
