model,selected,true_positives,false_positives,false_negatives,true_negatives,precision,recall,average_precision,log_loss,brier_score
constant_train_rate,168,0,168,202,167620,0,0,0.0012024525269361272,0.009299842037762998,0.0012010425645521893
constant_train_rate,840,2,838,200,166950,0.002380952380952381,0.009900990099009901,0.0012024525269361272,0.009299842037762998,0.0012010425645521893
constant_train_rate,1680,4,1676,198,166112,0.002380952380952381,0.019801980198019802,0.0012024525269361272,0.009299842037762998,0.0012010425645521893
amount_ranking,168,68,100,134,167688,0.40476190476190477,0.33663366336633666,0.32553201516273966,,
amount_ranking,840,99,741,103,167047,0.11785714285714285,0.4900990099009901,0.32553201516273966,,
amount_ranking,1680,109,1571,93,166217,0.06488095238095239,0.5396039603960396,0.32553201516273966,,
logistic_raw,168,157,11,45,167777,0.9345238095238095,0.7772277227722773,0.8838003533931478,0.0021009432164818443,0.0003620441254193843
logistic_raw,840,185,655,17,167133,0.22023809523809523,0.9158415841584159,0.8838003533931478,0.0021009432164818443,0.0003620441254193843
logistic_raw,1680,188,1492,14,166296,0.11190476190476191,0.9306930693069307,0.8838003533931478,0.0021009432164818443,0.0003620441254193843
logistic_log,168,166,2,36,167786,0.9880952380952381,0.8217821782178217,0.9467781424677875,0.0010591427451733997,0.00016917973681247221
logistic_log,840,194,646,8,167142,0.23095238095238096,0.9603960396039604,0.9467781424677875,0.0010591427451733997,0.00016917973681247221
logistic_log,1680,196,1484,6,166304,0.11666666666666667,0.9702970297029703,0.9467781424677875,0.0010591427451733997,0.00016917973681247221
logistic_raw_without_type,168,145,23,57,167765,0.8630952380952381,0.7178217821782178,0.8247479480181793,0.0030205930486366314,0.0004674170977758322
logistic_raw_without_type,840,178,662,24,167126,0.2119047619047619,0.8811881188118812,0.8247479480181793,0.0030205930486366314,0.0004674170977758322
logistic_raw_without_type,1680,181,1499,21,166289,0.10773809523809524,0.8960396039603961,0.8247479480181793,0.0030205930486366314,0.0004674170977758322
logistic_log_without_type,168,164,4,38,167784,0.9761904761904762,0.8118811881188119,0.9207290716688591,0.0014091373509130215,0.00020931750409409396
logistic_log_without_type,840,193,647,9,167141,0.22976190476190475,0.9554455445544554,0.9207290716688591,0.0014091373509130215,0.00020931750409409396
logistic_log_without_type,1680,193,1487,9,166301,0.11488095238095238,0.9554455445544554,0.9207290716688591,0.0014091373509130215,0.00020931750409409396
logistic_raw_without_category,168,93,75,109,167713,0.5535714285714286,0.4603960396039604,0.47571979055086544,0.00454261819567854,0.0007965788071810813
logistic_raw_without_category,840,120,720,82,167068,0.14285714285714285,0.594059405940594,0.47571979055086544,0.00454261819567854,0.0007965788071810813
logistic_raw_without_category,1680,131,1549,71,166239,0.07797619047619048,0.6485148514851485,0.47571979055086544,0.00454261819567854,0.0007965788071810813
logistic_log_without_category,168,91,77,111,167711,0.5416666666666666,0.4504950495049505,0.47324142716213974,0.004932577144306859,0.0008922085990093611
logistic_log_without_category,840,119,721,83,167067,0.14166666666666666,0.5891089108910891,0.47324142716213974,0.004932577144306859,0.0008922085990093611
logistic_log_without_category,1680,130,1550,72,166238,0.07738095238095238,0.6435643564356436,0.47324142716213974,0.004932577144306859,0.0008922085990093611
logistic_raw_without_both,168,72,96,130,167692,0.42857142857142855,0.3564356435643564,0.35104531934418404,0.005943959723363659,0.0009382066803897923
logistic_raw_without_both,840,104,736,98,167052,0.12380952380952381,0.5148514851485149,0.35104531934418404,0.005943959723363659,0.0009382066803897923
logistic_raw_without_both,1680,111,1569,91,166219,0.06607142857142857,0.5495049504950495,0.35104531934418404,0.005943959723363659,0.0009382066803897923
logistic_log_without_both,168,72,96,130,167692,0.42857142857142855,0.3564356435643564,0.34958420811596874,0.0064094936416820856,0.0009776977026592576
logistic_log_without_both,840,100,740,102,167048,0.11904761904761904,0.49504950495049505,0.34958420811596874,0.0064094936416820856,0.0009776977026592576
logistic_log_without_both,1680,113,1567,89,166221,0.06726190476190476,0.5594059405940595,0.34958420811596874,0.0064094936416820856,0.0009776977026592576
